{"loss": 0.3474295735359192, "info": {"validation accuracy": 0.6525704264640808, "test accuracy": 0.6501708626747131, "test loss": 1.2230693101882935, "validation loss": 1.2232966423034668, "number of parameters": 838066, "best_info": {"best validation accuracy_0": 0.677314281463623, "best test accuracy_0": 0.6785526871681213, "best test loss_0": 1.1872297525405884, "best validation loss_0": 1.1930315494537354, "best validation accuracy_1": 0.677314281463623, "best test accuracy_1": 0.6785526871681213, "best test loss_1": 1.1872297525405884, "best validation loss_1": 1.1930315494537354}}}