{"loss": 0.006028592586517334, "info": {"validation accuracy": 0.9939714074134827, "test accuracy": 0.9940800070762634, "test loss": 0.11105911433696747, "validation loss": 0.105093814432621, "number of parameters": 831878, "best_info": {"best validation accuracy_0": 0.9945124387741089, "best test accuracy_0": 0.994655966758728, "best test loss_0": 0.0811605453491211, "best validation loss_0": 0.07759208232164383, "best validation accuracy_1": 0.9959146976470947, "best test accuracy_1": 0.9962330460548401, "best test loss_1": 0.09703991562128067, "best validation loss_1": 0.08893709629774094}}}