{"loss": 0.06959414482116699, "info": {"validation accuracy": 0.930405855178833, "test accuracy": 0.9304283261299133, "test loss": 0.40429094433784485, "validation loss": 0.40544000267982483, "number of parameters": 832065, "best_info": {"best validation accuracy_0": 0.934148907661438, "best test accuracy_0": 0.9359434843063354, "best test loss_0": 0.3741627633571625, "best validation loss_0": 0.37826764583587646, "best validation accuracy_1": 0.9375055432319641, "best test accuracy_1": 0.937271237373352, "best test loss_1": 0.3791203796863556, "best validation loss_1": 0.3860435485839844}}}