{"loss": 0.0022524595260620117, "info": {"validation accuracy": 0.997747540473938, "test accuracy": 0.9974274039268494, "test loss": 0.07479819655418396, "validation loss": 0.05757598578929901, "number of parameters": 831878, "best_info": {"best validation accuracy_0": 0.997802734375, "best test accuracy_0": 0.9974163174629211, "best test loss_0": 0.07430294156074524, "best validation loss_0": 0.05616677179932594, "best validation accuracy_1": 0.9978138208389282, "best test accuracy_1": 0.9975156784057617, "best test loss_1": 0.07653709501028061, "best validation loss_1": 0.05642910674214363}}}