{"loss": 0.3080337643623352, "info": {"validation accuracy": 0.6919662356376648, "test accuracy": 0.6908103227615356, "test loss": 1.1002681255340576, "validation loss": 1.0913407802581787, "number of parameters": 838066, "best_info": {"best validation accuracy_0": 0.6919662356376648, "best test accuracy_0": 0.6908103227615356, "best test loss_0": 1.1002681255340576, "best validation loss_0": 1.0913406610488892, "best validation accuracy_1": 0.6966919898986816, "best test accuracy_1": 0.6972915530204773, "best test loss_1": 1.1115304231643677, "best validation loss_1": 1.0997446775436401}}}