{"loss": 0.057073116302490234, "info": {"validation accuracy": 0.9429268836975098, "test accuracy": 0.9428281188011169, "test loss": 0.32750147581100464, "validation loss": 0.32741114497184753, "number of parameters": 832065, "best_info": {"best validation accuracy_0": 0.9493308663368225, "best test accuracy_0": 0.9482052326202393, "best test loss_0": 0.3163672089576721, "best validation loss_0": 0.3120761215686798, "best validation accuracy_1": 0.9493308663368225, "best test accuracy_1": 0.9482052326202393, "best test loss_1": 0.3163672089576721, "best validation loss_1": 0.3120761215686798}}}