{"loss": 0.27624547481536865, "info": {"validation accuracy": 0.7237545251846313, "test accuracy": 0.7253662347793579, "test loss": 1.2299658060073853, "validation loss": 1.2375410795211792, "number of parameters": 854352, "best_info": {"best validation accuracy_0": 0.7103613018989563, "best test accuracy_0": 0.7114964723587036, "best test loss_0": 1.220086932182312, "best validation loss_0": 1.2270185947418213, "best validation accuracy_1": 0.7270559072494507, "best test accuracy_1": 0.7293466925621033, "best test loss_1": 1.2379220724105835, "best validation loss_1": 1.24483060836792}}}