{"loss": 0.3395901322364807, "info": {"validation accuracy": 0.6604098677635193, "test accuracy": 0.659644365310669, "test loss": 1.2417042255401611, "validation loss": 1.242379069328308, "number of parameters": 838066, "best_info": {"best validation accuracy_0": 0.6711421012878418, "best test accuracy_0": 0.6684976816177368, "best test loss_0": 1.227089762687683, "best validation loss_0": 1.221160888671875, "best validation accuracy_1": 0.6711421012878418, "best test accuracy_1": 0.6684976816177368, "best test loss_1": 1.2270896434783936, "best validation loss_1": 1.221160888671875}}}