{"loss": 0.39224672317504883, "info": {"validation accuracy": 0.6077532768249512, "test accuracy": 0.6067423820495605, "test loss": 2.5690512657165527, "validation loss": 2.5967137813568115, "number of parameters": 854352, "best_info": {"best validation accuracy_0": 0.5511549115180969, "best test accuracy_0": 0.5517315864562988, "best test loss_0": 1.7946640253067017, "best validation loss_0": 1.80517578125, "best validation accuracy_1": 0.6223721504211426, "best test accuracy_1": 0.6218332052230835, "best test loss_1": 2.5089430809020996, "best validation loss_1": 2.5656590461730957}}}