{"loss": 0.2535332441329956, "info": {"validation accuracy": 0.7464667558670044, "test accuracy": 0.7454206347465515, "test loss": 1.092645525932312, "validation loss": 1.0974990129470825, "number of parameters": 854352, "best_info": {"best validation accuracy_0": 0.7464667558670044, "best test accuracy_0": 0.7454206347465515, "best test loss_0": 1.0926454067230225, "best validation loss_0": 1.0974990129470825, "best validation accuracy_1": 0.7501656413078308, "best test accuracy_1": 0.7513387799263, "best test loss_1": 1.0974124670028687, "best validation loss_1": 1.099631667137146}}}