{"loss": 0.1452609896659851, "info": {"validation accuracy": 0.8547390103340149, "test accuracy": 0.8561144471168518, "test loss": 7.350005626678467, "validation loss": 7.632468223571777, "number of parameters": 832065, "best_info": {"best validation accuracy_0": 0.9044474959373474, "best test accuracy_0": 0.904521644115448, "best test loss_0": 0.517418622970581, "best validation loss_0": 0.518189549446106, "best validation accuracy_1": 0.9081022143363953, "best test accuracy_1": 0.907979428768158, "best test loss_1": 0.7102827429771423, "best validation loss_1": 0.6620221734046936}}}