{"loss": 0.2572211027145386, "info": {"validation accuracy": 0.7427788972854614, "test accuracy": 0.7422006726264954, "test loss": 1.0933128595352173, "validation loss": 1.0900777578353882, "number of parameters": 854352, "best_info": {"best validation accuracy_0": 0.7499779462814331, "best test accuracy_0": 0.7491374015808105, "best test loss_0": 1.0831875801086426, "best validation loss_0": 1.0782051086425781, "best validation accuracy_1": 0.7499779462814331, "best test accuracy_1": 0.7499158382415771, "best test loss_1": 1.0924772024154663, "best validation loss_1": 1.0898600816726685}}}