{"loss": 0.13575434684753418, "info": {"validation accuracy": 0.8642456531524658, "test accuracy": 0.8621126413345337, "test loss": 2.0949106216430664, "validation loss": 2.0334181785583496, "number of parameters": 832065, "best_info": {"best validation accuracy_0": 0.8341467380523682, "best test accuracy_0": 0.8330545425415039, "best test loss_0": 0.6873981952667236, "best validation loss_0": 0.6856828331947327, "best validation accuracy_1": 0.8725046515464783, "best test accuracy_1": 0.8712659478187561, "best test loss_1": 1.3764910697937012, "best validation loss_1": 1.3473806381225586}}}