{"loss": 0.41859155893325806, "info": {"validation accuracy": 0.5814084410667419, "test accuracy": 0.5825769901275635, "test loss": 2.6995739936828613, "validation loss": 2.6087682247161865, "number of parameters": 838066, "best_info": {"best validation accuracy_0": 0.5639519691467285, "best test accuracy_0": 0.563326358795166, "best test loss_0": 1.6546502113342285, "best validation loss_0": 1.6447631120681763, "best validation accuracy_1": 0.5872493386268616, "best test accuracy_1": 0.5886456370353699, "best test loss_1": 2.713852882385254, "best validation loss_1": 2.6474320888519287}}}