{"loss": 0.007265269756317139, "info": {"validation accuracy": 0.9927347302436829, "test accuracy": 0.9926009178161621, "test loss": 0.8730605840682983, "validation loss": 0.5726819634437561, "number of parameters": 831878, "best_info": {"best validation accuracy_0": 0.9932978749275208, "best test accuracy_0": 0.9930977821350098, "best test loss_0": 0.1273527443408966, "best validation loss_0": 0.11757615208625793, "best validation accuracy_1": 0.9941921830177307, "best test accuracy_1": 0.9943178296089172, "best test loss_1": 0.14942708611488342, "best validation loss_1": 0.12948252260684967}}}