{"loss": 0.0038424134254455566, "info": {"validation accuracy": 0.9961575865745544, "test accuracy": 0.9957711696624756, "test loss": 0.07539014518260956, "validation loss": 0.07139655202627182, "number of parameters": 831878, "best_info": {"best validation accuracy_0": 0.9960582256317139, "best test accuracy_0": 0.9956635236740112, "best test loss_0": 0.07303586602210999, "best validation loss_0": 0.0688820630311966, "best validation accuracy_1": 0.9963232278823853, "best test accuracy_1": 0.9960278868675232, "best test loss_1": 0.07555688172578812, "best validation loss_1": 0.07254786789417267}}}